id,name,location,locations,hot,department,business_unit,t_update,t_create,ats_job_id,display_job_id,type,id_locale,job_description,locale,stars,medallionProgram,location_flexibility,work_location_option,canonicalPositionUrl,isPrivate
790302088808,Senior Ad Ops Demand Management Specialist - Germany,"Berlin,Germany","['Berlin,Germany']",0,Advertising,Streaming,1743638400,1743638400,JR32754,JR32754,ATS,JR32754-en-US,,en-US,0,,,onsite,https://explore.jobs.netflix.net/careers/job/790302088808,False
790302538800,Photo & AV Studio Manager - DACH,"Berlin,Germany","['Berlin,Germany']",0,Marketing,Streaming,1745280000,1745280000,JR33122,JR33122,ATS,JR33122-en-US,,en-US,0,,,onsite,https://explore.jobs.netflix.net/careers/job/790302538800,False
790304637934,"Senior Manager, Photo & AV Studio - DACH","Berlin,Germany","['Berlin,Germany']",0,Marketing,Streaming,1754524800,1754524800,JR34935,JR34935,ATS,JR34935-en-US,,en-US,0,,,onsite,https://explore.jobs.netflix.net/careers/job/790304637934,False
790311775708,"Manager, Social Marketing - DACH","Berlin,Germany","['Berlin,Germany']",0,Marketing,Streaming,1756771200,1756771200,JR35560,JR35560,ATS,JR35560-en-US,,en-US,0,,,onsite,https://explore.jobs.netflix.net/careers/job/790311775708,False
790304833478,Creative Strategist - Product Merchandising DACH,"Berlin,Germany","['Berlin,Germany']",0,Product Discovery & Promotion,Streaming,1755648000,1755648000,JR35335,JR35335,ATS,JR35335-en-US,,en-US,0,,,onsite,https://explore.jobs.netflix.net/careers/job/790304833478,False
790303495747,"Senior Game Producer, Strategic Initiatives","Los Angeles,California,United States of America","['Los Angeles,California,United States of America']",0,Netflix Games Studio,Streaming,1752364800,1748995200,JR33870,JR33870,ATS,JR33870-en-US,,en-US,0,,,remote_global,https://explore.jobs.netflix.net/careers/job/790303495747,False
790303033342,"Director, Marketing - SEA,TW & HK","Singapore,Singapore","['Singapore,Singapore', 'Bangkok,Thailand']",0,Marketing,Streaming,1746403200,1746403200,JR33348,JR33348,ATS,JR33348-en-US,,en-US,0,,,onsite,https://explore.jobs.netflix.net/careers/job/790303033342,False
790304770383,Senior Content Executive - Thailand,"Bangkok,Thailand","['Bangkok,Thailand']",0,Content Development & Acquisition,Streaming,1755216000,1755216000,JR35093,JR35093,ATS,JR35093-en-US,,en-US,0,,,onsite,https://explore.jobs.netflix.net/careers/job/790304770383,False
790311982629,Creative Manager - Thailand,"Bangkok,Thailand","['Bangkok,Thailand']",0,Content Development & Acquisition,Streaming,1757894400,1757894400,JR36036,JR36036,ATS,JR36036-en-US,,en-US,0,,,onsite,https://explore.jobs.netflix.net/careers/job/790311982629,False
790304899303,"Associate, Production Finance","Bangkok,Thailand","['Bangkok,Thailand']",0,Core Finance & Controllership,Streaming,1756080000,1756080000,JR35430,JR35430,ATS,JR35430-en-US,,en-US,0,,,onsite,https://explore.jobs.netflix.net/careers/job/790304899303,False
790303495747,"Senior Game Producer, Strategic Initiatives","Los Angeles,California,United States of America","['Los Angeles,California,United States of America']",0,Netflix Games Studio,Streaming,1752364800,1748995200,JR33870,JR33870,ATS,JR33870-en-US,,en-US,0,,,remote_global,https://explore.jobs.netflix.net/careers/job/790303495747,False
790311909686,Senior UX Designer - Games,"Helsinki,Finland","['Helsinki,Finland']",0,Next Games,Streaming,1757548800,1757548800,JR35985,JR35985,ATS,JR35985-en-US,,en-US,0,,,onsite,https://explore.jobs.netflix.net/careers/job/790311909686,False
790304738369,Senior Software Architect - Games Platform,"Helsinki,Finland","['Helsinki,Finland']",0,Next Games,Streaming,1755043200,1755043200,JR35036,JR35036,ATS,JR35036-en-US,,en-US,0,,,onsite,https://explore.jobs.netflix.net/careers/job/790304738369,False
790311764747,Studio Art Director - Next games,"Helsinki,Finland","['Helsinki,Finland']",0,Next Games,Streaming,1756684800,1756684800,JR35546,JR35546,ATS,JR35546-en-US,,en-US,0,,,onsite,https://explore.jobs.netflix.net/careers/job/790311764747,False
790303583528,Executive Producer - Games,"Helsinki,Finland","['Helsinki,Finland']",0,Next Games,Streaming,1749600000,1749600000,JR33999,JR33999,ATS,JR33999-en-US,,en-US,0,,,onsite,https://explore.jobs.netflix.net/careers/job/790303583528,False
790303852031,Senior 2D/3D Game Artist - Games,"Helsinki,Finland","['Helsinki,Finland']",0,MoonLoot Games,Streaming,1750809600,1750809600,JR34227,JR34227,ATS,JR34227-en-US,,en-US,0,,,onsite,https://explore.jobs.netflix.net/careers/job/790303852031,False
790311995571,Senior Frontend Engineer - Games,"Helsinki,Finland","['Helsinki,Finland']",0,Next Games,Streaming,1757980800,1757980800,JR36047,JR36047,ATS,JR36047-en-US,,en-US,0,,,onsite,https://explore.jobs.netflix.net/careers/job/790311995571,False
790311806355,Live Operations Coordinator - Games,"Helsinki,Finland","['Helsinki,Finland']",0,Next Games,Streaming,1757030400,1757030400,JR35631,JR35631,ATS,JR35631-en-US,,en-US,0,,,onsite,https://explore.jobs.netflix.net/careers/job/790311806355,False
790311806432,Creative Director - Games,"Helsinki,Finland","['Helsinki,Finland']",0,Next Games,Streaming,1757030400,1757030400,JR35633,JR35633,ATS,JR35633-en-US,,en-US,0,,,onsite,https://explore.jobs.netflix.net/careers/job/790311806432,False
790304802594,Senior Product Manager - Games,"Helsinki,Finland","['Helsinki,Finland']",0,Next Games,Streaming,1758872100,1755475200,JR35312,JR35312,ATS,JR35312-en-US,,en-US,0,,,onsite,https://explore.jobs.netflix.net/careers/job/790304802594,False
790303495747,"Senior Game Producer, Strategic Initiatives","Los Angeles,California,United States of America","['Los Angeles,California,United States of America']",0,Netflix Games Studio,Streaming,1752364800,1748995200,JR33870,JR33870,ATS,JR33870-en-US,,en-US,0,,,remote_global,https://explore.jobs.netflix.net/careers/job/790303495747,False
790312016878,Comms. Specialist - CEE,"Warsaw,Poland","['Warsaw,Poland']",0,Marketing,Streaming,1758067200,1758067200,JR36071,JR36071,ATS,JR36071-en-US,,en-US,0,,,onsite,https://explore.jobs.netflix.net/careers/job/790312016878,False
790311998431,Data Engineer L4/L5 - System Insights & Productivity Metrics,"Warsaw,Poland","['Warsaw,Poland']",0,Data & Insights,Streaming,1757980800,1757980800,JR36049,JR36049,ATS,JR36049-en-US,,en-US,0,,,onsite,https://explore.jobs.netflix.net/careers/job/790311998431,False
790311893636,"Counsel, Business & Legal Affairs - CEE","Warsaw,Poland","['Warsaw,Poland']",0,Legal,Streaming,1757462400,1757462400,JR35957,JR35957,ATS,JR35957-en-US,,en-US,0,,,onsite,https://explore.jobs.netflix.net/careers/job/790311893636,False
790311776656,Full-Stack Engineer (L4/L5) - Customer Success Platform,"Warsaw,Poland","['Warsaw,Poland']",0,Engineering,Streaming,1756771200,1756771200,JR35561,JR35561,ATS,JR35561-en-US,,en-US,0,,,onsite,https://explore.jobs.netflix.net/careers/job/790311776656,False
790311765192,Engineering Manager — Commerce Experiences Testing Infrastructure,"Warsaw,Poland","['Warsaw,Poland']",0,Engineering,Streaming,1756684800,1756684800,JR35547,JR35547,ATS,JR35547-en-US,,en-US,0,,,onsite,https://explore.jobs.netflix.net/careers/job/790311765192,False
790311765193,Senior Software Engineer — Commerce Experiences Testing Infrastructure,"Warsaw,Poland","['Warsaw,Poland']",0,Engineering,Streaming,1756684800,1756684800,JR35548,JR35548,ATS,JR35548-en-US,,en-US,0,,,onsite,https://explore.jobs.netflix.net/careers/job/790311765193,False
790304902589,Software Engineer 4 - Data Platform Poland,"Warsaw,Poland","['Warsaw,Poland']",0,Engineering,Streaming,1756080000,1756080000,JR35443,JR35443,ATS,JR35443-en-US,,en-US,0,,,onsite,https://explore.jobs.netflix.net/careers/job/790304902589,False
790304899626,Engineering Manager - Engineering Operations Tooling,"Warsaw,Poland","['Warsaw,Poland']",0,Engineering,Streaming,1756080000,1756080000,JR35433,JR35433,ATS,JR35433-en-US,,en-US,0,,,onsite,https://explore.jobs.netflix.net/careers/job/790304899626,False
790304899385,"Manager, Enterprise Security Operations  - EMEA","Warsaw,Poland","['Warsaw,Poland']",0,Enterprise Operations,Streaming,1756080000,1756080000,JR35431,JR35431,ATS,JR35431-en-US,,en-US,0,,,onsite,https://explore.jobs.netflix.net/careers/job/790304899385,False
790304612053,Application Security Engineer L4/L5,Poland - Remote,['Poland - Remote'],0,Engineering,Streaming,1754438400,1754438400,JR34906,JR34906,ATS,JR34906-en-US,,en-US,0,,,onsite,https://explore.jobs.netflix.net/careers/job/790304612053,False
790303044731,"Manager, Account Management","Mexico City,Mexico","['Mexico City,Mexico']",0,Advertising,Streaming,1746403200,1746403200,JR33366,JR33366,ATS,JR33366-en-US,,en-US,0,,,onsite,https://explore.jobs.netflix.net/careers/job/790303044731,False
790303359733,"Lead, Ads Measurement Mexico","Mexico City,Mexico","['Mexico City,Mexico']",0,Data & Insights,Streaming,1748304000,1748304000,JR33735,JR33735,ATS,JR33735-en-US,,en-US,0,,,onsite,https://explore.jobs.netflix.net/careers/job/790303359733,False
790303413472,AV Events Engineer - Production Manager,"Mexico City,Mexico","['Mexico City,Mexico']",0,Engineering Operations,Streaming,1748563200,1748563200,JR33788,JR33788,ATS,JR33788-en-US,,en-US,0,,,onsite,https://explore.jobs.netflix.net/careers/job/790303413472,False
790311904676,"Manager, Revenue Analytics","Mexico City,Mexico","['Mexico City,Mexico']",0,Strategy & Analysis,Streaming,1757548800,1757548800,JR35969,JR35969,ATS,JR35969-en-US,,en-US,0,,,onsite,https://explore.jobs.netflix.net/careers/job/790311904676,False
790312023669,Programmatic Sales Lead (Seller) - México,"Mexico City,Mexico","['Mexico City,Mexico']",0,Advertising,Streaming,1758067200,1758067200,JR36082,JR36082,ATS,JR36082-en-US,,en-US,0,,,onsite,https://explore.jobs.netflix.net/careers/job/790312023669,False
790312023726,Ads Sales Operations Manager,"Mexico City,Mexico","['Mexico City,Mexico']",0,Advertising,Streaming,1758067200,1758067200,JR36083,JR36083,ATS,JR36083-en-US,,en-US,0,,,onsite,https://explore.jobs.netflix.net/careers/job/790312023726,False
790304915424,"Sr. Manager, Ads Ops, Demand Management, LATAM","Sao Paulo,Brazil","['Ciudad de México,Mexico', 'Sao Paulo,Brazil']",0,Advertising,Streaming,1756166400,1756166400,JR35451,JR35451,ATS,JR35451-en-US,,en-US,0,,,onsite,https://explore.jobs.netflix.net/careers/job/790304915424,False
790304259017,"Manager, Talent Coordinators LATAM","Mexico City,Mexico","['Mexico City,Mexico']",0,Talent,Streaming,1752537600,1752537600,JR34564,JR34564,ATS,JR34564-en-US,,en-US,0,,,onsite,https://explore.jobs.netflix.net/careers/job/790304259017,False
790304278057,Team Lead - Talent Coordinators - LATAM,"Mexico City,Mexico","['Mexico City,Mexico']",0,Talent,Streaming,1752710400,1752710400,JR34600,JR34600,ATS,JR34600-en-US,,en-US,0,,,onsite,https://explore.jobs.netflix.net/careers/job/790304278057,False
790303765784,Dubbing - Production Manager - LATAM Spanish,"Mexico City,Mexico","['Mexico City,Mexico']",0,Content Production,Streaming,1750377600,1750377600,JR34173,JR34173,ATS,JR34173-en-US,,en-US,0,,,onsite,https://explore.jobs.netflix.net/careers/job/790303765784,False
790311794572,"Data Analyst, Talent Service Delivery & Operations (FTC)","Amsterdam,Netherlands","['Amsterdam,Netherlands']",0,Talent,Streaming,1756944000,1756944000,JR35608,JR35608,ATS,JR35608-en-US,,en-US,0,,,onsite,https://explore.jobs.netflix.net/careers/job/790311794572,False
790311846068,"Analyst, Indirect Tax - EMEA","Amsterdam,Netherlands","['Amsterdam,Netherlands']",0,Core Finance & Controllership,Streaming,1757289600,1757289600,JR35669,JR35669,ATS,JR35669-en-US,,en-US,0,,,onsite,https://explore.jobs.netflix.net/careers/job/790311846068,False
790311914539,Partner Integration Manager - Media Operations,"Amsterdam,Netherlands","['Amsterdam,Netherlands']",0,Program Management,Streaming,1757548800,1757548800,JR35995,JR35995,ATS,JR35995-en-US,,en-US,0,,,onsite,https://explore.jobs.netflix.net/careers/job/790311914539,False
790312029417,"Executive Assistant, Global Affairs EMEA","Amsterdam,Netherlands","['Amsterdam,Netherlands']",0,Administration,Streaming,1758153600,1758153600,JR36097,JR36097,ATS,JR36097-en-US,,en-US,0,,,onsite,https://explore.jobs.netflix.net/careers/job/790312029417,False
790304834084,"Program Manager, CS Learning and Development, EMEA","Amsterdam,Netherlands","['Amsterdam,Netherlands']",0,Talent,Streaming,1755561600,1755561600,JR35336,JR35336,ATS,JR35336-en-US,,en-US,0,,,onsite,https://explore.jobs.netflix.net/careers/job/790304834084,False
790304845660,Senior Analytics Engineer (L5) - Promotional Media,"Amsterdam,Netherlands","['Amsterdam,Netherlands']",0,Data & Insights,Streaming,1755820800,1755820800,JR35360,JR35360,ATS,JR35360-en-US,,en-US,0,,,onsite,https://explore.jobs.netflix.net/careers/job/790304845660,False
790304503652,"Senior HR Business Partner, EMEA","Amsterdam,Netherlands","['Amsterdam,Netherlands']",0,Talent,Streaming,1753747200,1753747200,JR34779,JR34779,ATS,JR34779-en-US,,en-US,0,,,onsite,https://explore.jobs.netflix.net/careers/job/790304503652,False
790304542783,"Finance & Strategy Associate, EMEA Content","Amsterdam,Netherlands","['Amsterdam,Netherlands']",0,Strategy & Analysis,Streaming,1754006400,1754006400,JR34839,JR34839,ATS,JR34839-en-US,,en-US,0,,,onsite,https://explore.jobs.netflix.net/careers/job/790304542783,False
790311893635,"Counsel, Marketing  Legal  (BENELUX), 12 Month Fixed Term Parental Leave Cover","Amsterdam,Netherlands","['Amsterdam,Netherlands']",0,Legal,Streaming,1757462400,1757462400,JR35956,JR35956,ATS,JR35956-en-US,,en-US,0,,,onsite,https://explore.jobs.netflix.net/careers/job/790311893635,False
790312087457,"Business Partner, Finance Procurement Operations - Product & Tech","Amsterdam,Netherlands","['Amsterdam,Netherlands']",0,Core Finance & Controllership,Streaming,1758499200,1758499200,JR36144,JR36144,ATS,JR36144-en-US,,en-US,0,,,onsite,https://explore.jobs.netflix.net/careers/job/790312087457,False
790304269505,Senior iOS Software Engineer (L5) DVX Mobile Core,USA - Remote,['USA - Remote'],1,Engineering,Streaming,1753401600,1753401600,JR34586,JR34586,ATS,JR34586-en-US,,en-US,0,,,remote_local,https://explore.jobs.netflix.net/careers/job/790304269505,False
790301239537,Talent Coordinator - Netflix Animation Studios,"Burbank,California,United States of America","['Burbank,California,United States of America']",0,Feature Animation,Animation,1742515200,1742515200,JR31873,JR31873,ATS,JR31873-en-US,,en-US,0,,,onsite,https://explore.jobs.netflix.net/careers/job/790301239537,False
790298012086,"Expression of Interest - Feature Animation, Art Department","Burbank,California,United States of America","['Burbank,California,United States of America']",0,Feature Animation,Animation,1721433600,1721433600,JR28705,JR28705,ATS,JR28705-en-US,,en-US,0,,,onsite,https://explore.jobs.netflix.net/careers/job/790298012086,False
790298013499,"Expression of Interest - Feature Animation, Post & Editorial","Burbank,California,United States of America","['Burbank,California,United States of America']",0,Feature Animation,Animation,1721433600,1721433600,JR28706,JR28706,ATS,JR28706-en-US,,en-US,0,,,onsite,https://explore.jobs.netflix.net/careers/job/790298013499,False
790298014117,"Expression of Interest - Feature Animation, Story Department","Burbank,California,United States of America","['Burbank,California,United States of America']",0,Feature Animation,Animation,1721433600,1721433600,JR28709,JR28709,ATS,JR28709-en-US,,en-US,0,,,onsite,https://explore.jobs.netflix.net/careers/job/790298014117,False
790312009600,"Business & Legal Affairs Attorney, Netflix Animation Studios","Burbank,California,United States of America","['Burbank,California,United States of America']",0,Feature Animation,Animation,1757980800,1757980800,JR36069,JR36069,ATS,JR36069-en-US,,en-US,0,,,onsite,https://explore.jobs.netflix.net/careers/job/790312009600,False
790302977151,"Manager, Partner Solutions","Los Angeles,California,United States of America","['Los Angeles,California,United States of America']",0,Content Production Operations,Streaming,1746057600,1746057600,JR33303,JR33303,ATS,JR33303-en-US,,en-US,0,,,onsite,https://explore.jobs.netflix.net/careers/job/790302977151,False
790303000810,Ads Policy Strategist,"New York,New York,United States of America","['New York,New York,United States of America', 'Los Angeles,California,United States of America']",0,Legal,Streaming,1746144000,1746144000,JR33320,JR33320,ATS,JR33320-en-US,,en-US,0,,,onsite,https://explore.jobs.netflix.net/careers/job/790303000810,False
790303042151,"Program Manager, Talent Analytics","Los Gatos,California,United States of America","['Los Gatos,California,United States of America', 'Los Angeles,California,United States of America']",0,Data & Insights,Streaming,1746403200,1746403200,JR33356,JR33356,ATS,JR33356-en-US,,en-US,0,,,onsite,https://explore.jobs.netflix.net/careers/job/790303042151,False
790303277601,"Manager, Business Development - VFXS (Visual Effects Services)","Los Angeles,California,United States of America","['Los Angeles,California,United States of America']",0,Content Production Operations,Streaming,1747612800,1747612800,JR33618,JR33618,ATS,JR33618-en-US,,en-US,0,,,onsite,https://explore.jobs.netflix.net/careers/job/790303277601,False
790303513827,Live Metadata + Ratings Analyst (APAC),"Tokyo,Japan","['Seoul,Korea', 'Tokyo,Japan', 'Singapore,Singapore']",0,Global Affairs,Streaming,1749168000,1749168000,JR33912,JR33912,ATS,JR33912-en-US,,en-US,0,,,onsite,https://explore.jobs.netflix.net/careers/job/790303513827,False
790301945448,"Senior Ads Ops, Demand Management Specialist","Seoul,Korea, Republic of","['Seoul,Korea, Republic of']",0,Advertising,Streaming,1742947200,1742947200,JR32593,JR32593,ATS,JR32593-en-US,,en-US,0,,,onsite,https://explore.jobs.netflix.net/careers/job/790301945448,False
790302011601,Senior Ad Sales Partner - Korea,"Seoul,Korea, Republic of","['Seoul,Korea, Republic of']",0,Advertising,Streaming,1743379200,1743379200,JR32676,JR32676,ATS,JR32676-en-US,,en-US,0,,,onsite,https://explore.jobs.netflix.net/careers/job/790302011601,False
790304664898,"Director, Publicity - Korea","Seoul,Korea, Republic of","['Seoul,Korea, Republic of']",0,Marketing,Streaming,1754697600,1754697600,JR34969,JR34969,ATS,JR34969-en-US,,en-US,0,,,onsite,https://explore.jobs.netflix.net/careers/job/790304664898,False
790304679549,"Counsel, Business & Legal Affairs - Korea","Seoul,Korea, Republic of","['Seoul,Korea, Republic of']",0,Legal,Streaming,1754870400,1754870400,JR34984,JR34984,ATS,JR34984-en-US,,en-US,0,,,onsite,https://explore.jobs.netflix.net/careers/job/790304679549,False
790311976458,"Manager, Inclusion Strategy - Korea","Seoul,Korea, Republic of","['Seoul,Korea, Republic of']",0,Talent,Streaming,1757894400,1757894400,JR36031,JR36031,ATS,JR36031-en-US,,en-US,0,,,onsite,https://explore.jobs.netflix.net/careers/job/790311976458,False
790304931720,"Manager, Brand & Slate Marketing - Korea","Seoul,Korea, Republic of","['Seoul,Korea, Republic of']",0,Marketing,Streaming,1756339200,1756339200,JR35500,JR35500,ATS,JR35500-en-US,,en-US,0,,,onsite,https://explore.jobs.netflix.net/careers/job/790304931720,False
790303565458,"Associate, Ads Revenue & Yield Analytics - APAC","Seoul,Korea, Republic of","['Seoul,Korea, Republic of']",0,Strategy & Analysis,Streaming,1749513600,1749513600,JR33970,JR33970,ATS,JR33970-en-US,,en-US,0,,,onsite,https://explore.jobs.netflix.net/careers/job/790303565458,False
790303750072,"Creative Assistant, Content (Film Pod) - Korea","Seoul,Korea, Republic of","['Seoul,Korea, Republic of']",0,Content Development & Acquisition,Streaming,1750377600,1750377600,JR34156,JR34156,ATS,JR34156-en-US,,en-US,0,,,onsite,https://explore.jobs.netflix.net/careers/job/790303750072,False
790303750196,"Associate, Content Programming Strategy & Operations - Korea","Seoul,Korea, Republic of","['Seoul,Korea, Republic of']",0,Strategy & Analysis,Streaming,1750377600,1750377600,JR34158,JR34158,ATS,JR34158-en-US,,en-US,0,,,onsite,https://explore.jobs.netflix.net/careers/job/790303750196,False
790303133868,"Operations Specialist, Launch Operations","Manila,Philippines","['Manila,Philippines']",0,Program Management,Streaming,1746748800,1746748800,JR33462,JR33462,ATS,JR33462-en-US,,en-US,0,,,onsite,https://explore.jobs.netflix.net/careers/job/790303133868,False
790311857482,"Manager, HR Shared Services","Manila,Philippines","['Manila,Philippines']",0,Talent,Streaming,1757376000,1757376000,JR35914,JR35914,ATS,JR35914-en-US,,en-US,0,,,onsite,https://explore.jobs.netflix.net/careers/job/790311857482,False
790304691503,"Technology Experience Specialist, Corporate","Manila,Philippines","['Manila,Philippines']",0,Engineering Operations,Streaming,1754956800,1754956800,JR35010,JR35010,ATS,JR35010-en-US,,en-US,0,,,onsite,https://explore.jobs.netflix.net/careers/job/790304691503,False
790304692185,"Technology Experience Specialist, Studio","Manila,Philippines","['Manila,Philippines']",0,Engineering Operations,Streaming,1754956800,1754956800,JR35011,JR35011,ATS,JR35011-en-US,,en-US,0,,,onsite,https://explore.jobs.netflix.net/careers/job/790304692185,False
790304693607,Talent Coordinator (APAC or EMEA),"Manila,Philippines","['Manila,Philippines']",0,Talent,Streaming,1754956800,1754956800,JR35012,JR35012,ATS,JR35012-en-US,,en-US,0,,,onsite,https://explore.jobs.netflix.net/careers/job/790304693607,False
790304348168,"Financial Analyst, FP&A, Content","Manila,Philippines","['Manila,Philippines']",0,Core Finance & Controllership,Streaming,1753142400,1753142400,JR34663,JR34663,ATS,JR34663-en-US,,en-US,0,,,onsite,https://explore.jobs.netflix.net/careers/job/790304348168,False
790303330859,"Operations Specialist, Launch Operations (Korean Speaker)","Manila,Philippines","['Manila,Philippines']",0,Program Management,Streaming,1747958400,1747958400,JR33680,JR33680,ATS,JR33680-en-US,,en-US,0,,,onsite,https://explore.jobs.netflix.net/careers/job/790303330859,False
790303750795,"Talent Coordinator, APAC","Manila,Philippines","['Manila,Philippines']",0,Talent,Streaming,1750377600,1750377600,JR34159,JR34159,ATS,JR34159-en-US,,en-US,0,,,onsite,https://explore.jobs.netflix.net/careers/job/790303750795,False
790304098700,"Team Lead, Talent Coordination (Interview Scheduling)","Manila,Philippines","['Manila,Philippines']",0,Talent,Streaming,1751932800,1751932800,JR34387,JR34387,ATS,JR34387-en-US,,en-US,0,,,onsite,https://explore.jobs.netflix.net/careers/job/790304098700,False
790304544113,​​HR Shared Services Specialist - Korean Bilingual,"Manila,Philippines","['Manila,Philippines']",0,Talent,Streaming,1754006400,1754006400,JR34841,JR34841,ATS,JR34841-en-US,,en-US,0,,,onsite,https://explore.jobs.netflix.net/careers/job/790304544113,False
790301134565,Production Coordinator,"Vancouver,Canada","['Vancouver,Canada']",0,Feature Animation,Animation,1738540800,1738540800,JR31661,JR31661,ATS,JR31661-en-US,,en-US,0,,,onsite,https://explore.jobs.netflix.net/careers/job/790301134565,False
790301136356,Character FX Artist,"Vancouver,Canada","['Vancouver,Canada']",0,Feature Animation,Animation,1738540800,1738540800,JR31681,JR31681,ATS,JR31681-en-US,,en-US,0,,,onsite,https://explore.jobs.netflix.net/careers/job/790301136356,False
790301136971,Crowds Artist,"Vancouver,Canada","['Vancouver,Canada']",0,Feature Animation,Animation,1738540800,1738540800,JR31687,JR31687,ATS,JR31687-en-US,,en-US,0,,,onsite,https://explore.jobs.netflix.net/careers/job/790301136971,False
790301206068,Lighting Artist,"Vancouver,Canada","['Vancouver,Canada']",0,Feature Animation,Animation,1739145600,1739145600,JR31817,JR31817,ATS,JR31817-en-US,,en-US,0,,,onsite,https://explore.jobs.netflix.net/careers/job/790301206068,False
790302977762,"Technical Trainer, Netflix Animation Studios","Vancouver,Canada","['Vancouver,Canada']",0,Feature Animation,Animation,1747094400,1747094400,JR33310,JR33310,ATS,JR33310-en-US,,en-US,0,,,onsite,https://explore.jobs.netflix.net/careers/job/790302977762,False
790303358249,Modeling Technical Lead,"Vancouver,Canada","['Vancouver,Canada']",0,Feature Animation,Animation,1748304000,1748304000,JR33724,JR33724,ATS,JR33724-en-US,,en-US,0,,,onsite,https://explore.jobs.netflix.net/careers/job/790303358249,False
790303497827,Matte Painting Artist,"Vancouver,Canada","['Vancouver,Canada']",0,Feature Animation,Animation,1748995200,1748995200,JR33886,JR33886,ATS,JR33886-en-US,,en-US,0,,,onsite,https://explore.jobs.netflix.net/careers/job/790303497827,False
790301319249,Software Engineer - Animation & Rigging,"Vancouver,Canada","['Vancouver,Canada']",0,Feature Animation,Animation,1740009600,1740009600,JR31994,JR31994,ATS,JR31994-en-US,,en-US,0,,,onsite,https://explore.jobs.netflix.net/careers/job/790301319249,False
790301319363,Software Engineer - Rendering,"Vancouver,Canada","['Vancouver,Canada']",0,Feature Animation,Animation,1740009600,1740009600,JR31997,JR31997,ATS,JR31997-en-US,,en-US,0,,,onsite,https://explore.jobs.netflix.net/careers/job/790301319363,False
790301384045,"Expression of Interest - Feature Animation, Rigging, Vancouver","Vancouver,Canada","['Vancouver,Canada']",0,Feature Animation,Animation,1740528000,1740528000,JR32089,JR32089,ATS,JR32089-en-US,,en-US,0,,,onsite,https://explore.jobs.netflix.net/careers/job/790301384045,False
790298826104,"Manager, Business Affairs","Tokyo,Japan","['Tokyo,Japan']",0,Legal,Streaming,1746057600,1725235200,JR29588,JR29588,ATS,JR29588-en-US,,en-US,0,,,onsite,https://explore.jobs.netflix.net/careers/job/790298826104,False
790302851017,"Director, Production - Japan","Tokyo,Japan","['Tokyo,Japan']",0,Content Production,Streaming,1745884800,1745884800,JR33233,JR33233,ATS,JR33233-en-US,,en-US,0,,,onsite,https://explore.jobs.netflix.net/careers/job/790302851017,False
790298012335,"Consumer Insights Researcher, Japan","Tokyo,Japan","['Tokyo,Japan']",0,Data & Insights,Streaming,1718582400,1718582400,AJRT44522,AJRT44522,ATS,AJRT44522-en-US,,en-US,0,,,onsite,https://explore.jobs.netflix.net/careers/job/790298012335,False
790304769564,"Director, Global Affairs - Japan","Tokyo,Japan","['Tokyo,Japan']",0,Global Affairs,Streaming,1755216000,1755216000,JR35082,JR35082,ATS,JR35082-en-US,,en-US,0,,,onsite,https://explore.jobs.netflix.net/careers/job/790304769564,False
790304769629,Live Streaming Program Manager - APAC,"Tokyo,Japan","['Tokyo,Japan']",0,Program Management,Streaming,1755216000,1755216000,JR35087,JR35087,ATS,JR35087-en-US,,en-US,0,,,onsite,https://explore.jobs.netflix.net/careers/job/790304769629,False
790305012830,"Coordinator, Legal Workflows, Tools &  Operations - Japan","Tokyo,Japan","['Tokyo,Japan']",0,Program Management,Streaming,1756425600,1756425600,JR35514,JR35514,ATS,JR35514-en-US,,en-US,0,,,onsite,https://explore.jobs.netflix.net/careers/job/790305012830,False
790304347046,"Specialist, Business Affairs (Content Licensing and Strategic Partnership) - Japan","Tokyo,Japan","['Tokyo,Japan']",0,Legal,Streaming,1753142400,1753142400,JR34659,JR34659,ATS,JR34659-en-US,,en-US,0,,,onsite,https://explore.jobs.netflix.net/careers/job/790304347046,False
790300303045,Marketing Partnership Manager - Japan,"Tokyo,Japan","['Tokyo,Japan']",0,Marketing,Streaming,1733788800,1733788800,JR30963,JR30963,ATS,JR30963-en-US,,en-US,0,,,onsite,https://explore.jobs.netflix.net/careers/job/790300303045,False
790303513827,Live Metadata + Ratings Analyst (APAC),"Tokyo,Japan","['Tokyo,Japan', 'Seoul,Korea', 'Singapore,Singapore']",0,Global Affairs,Streaming,1749168000,1749168000,JR33912,JR33912,ATS,JR33912-en-US,,en-US,0,,,onsite,https://explore.jobs.netflix.net/careers/job/790303513827,False
790303559607,"Coordinator, Production Solutions - APAC","Tokyo,Japan","['Tokyo,Japan']",0,Content Production Operations,Streaming,1749513600,1749513600,JR33965,JR33965,ATS,JR33965-en-US,,en-US,0,,,onsite,https://explore.jobs.netflix.net/careers/job/790303559607,False
790311914543,Senior Ad Ops Solutions Specialist,"London,United Kingdom","['London,United Kingdom']",0,Advertising,Streaming,1757548800,1757548800,JR35986,JR35986,ATS,JR35986-en-US,,en-US,0,,,onsite,https://explore.jobs.netflix.net/careers/job/790311914543,False
790304757713,UK Payroll Specialist (Workday),"London,United Kingdom","['London,United Kingdom']",0,Core Finance & Controllership,Streaming,1755129600,1755129600,JR35065,JR35065,ATS,JR35065-en-US,,en-US,0,,,onsite,https://explore.jobs.netflix.net/careers/job/790304757713,False
790304771075,"FTC - Manager, Awards EMEA","London,United Kingdom","['London,United Kingdom']",0,Marketing,Streaming,1755216000,1755216000,JR35094,JR35094,ATS,JR35094-en-US,,en-US,0,,,onsite,https://explore.jobs.netflix.net/careers/job/790304771075,False
790304835247,Recruiting Researcher - EMEA (generalist/non tech),"London,United Kingdom","['London,United Kingdom']",0,Talent,Streaming,1755561600,1755561600,JR35338,JR35338,ATS,JR35338-en-US,,en-US,0,,,onsite,https://explore.jobs.netflix.net/careers/job/790304835247,False
790304856703,Streaming Operations Engineer,"London,United Kingdom","['London,United Kingdom']",0,Engineering,Streaming,1755734400,1755734400,JR35392,JR35392,ATS,JR35392-en-US,,en-US,0,,,onsite,https://explore.jobs.netflix.net/careers/job/790304856703,False
790312239084,"Tax Analyst, UK Tax","London,United Kingdom","['London,United Kingdom']",0,Core Finance & Controllership,Streaming,1758672000,1758672000,JR36200,JR36200,ATS,JR36200-en-US,,en-US,0,,,onsite,https://explore.jobs.netflix.net/careers/job/790312239084,False
790304420914,"HRBP, Production HR - UK","London,United Kingdom","['London,United Kingdom']",0,Talent,Streaming,1753315200,1753315200,JR34705,JR34705,ATS,JR34705-en-US,,en-US,0,,,onsite,https://explore.jobs.netflix.net/careers/job/790304420914,False
790304289657,"Business Partner, Finance Procurement Operations - Marketing","London,United Kingdom","['London,United Kingdom']",0,Core Finance & Controllership,Streaming,1752796800,1752796800,JR34617,JR34617,ATS,JR34617-en-US,,en-US,0,,,onsite,https://explore.jobs.netflix.net/careers/job/790304289657,False
790304400867,"EMEA Marketing Manager, Experiences","London,United Kingdom","['London,United Kingdom']",0,Marketing,Streaming,1753228800,1753228800,JR34679,JR34679,ATS,JR34679-en-US,,en-US,0,,,onsite,https://explore.jobs.netflix.net/careers/job/790304400867,False
790303586701,"Counsel - Business & Legal Affairs, UK Scripted Series","London,United Kingdom","['London,United Kingdom']",0,Legal,Streaming,1749513600,1749513600,JR33976,JR33976,ATS,JR33976-en-US,,en-US,0,,,onsite,https://explore.jobs.netflix.net/careers/job/790303586701,False
790312024033,"Director, Ads Marketing - APAC","Singapore,Singapore","['Singapore,Singapore']",0,Marketing,Streaming,1758672000,1758672000,JR36091,JR36091,ATS,JR36091-en-US,,en-US,0,,,onsite,https://explore.jobs.netflix.net/careers/job/790312024033,False
790311893519,"Senior Accountant, SEA & ANZ Financial Reporting","Singapore,Singapore","['Singapore,Singapore']",0,Core Finance & Controllership,Streaming,1758872100,1757462400,JR35954,JR35954,ATS,JR35954-en-US,,en-US,0,,,onsite,https://explore.jobs.netflix.net/careers/job/790311893519,False
790305015107,"Senior Analyst, Direct & Indirect Tax Compliance - APAC","Singapore,Singapore","['Singapore,Singapore']",0,Core Finance & Controllership,Streaming,1756425600,1756425600,JR35515,JR35515,ATS,JR35515-en-US,,en-US,0,,,onsite,https://explore.jobs.netflix.net/careers/job/790305015107,False
790304933448,"Sr. Manager, Ad Ops, Demand Management, APAC","Singapore,Singapore","['Singapore,Singapore']",0,Advertising,Streaming,1756339200,1756339200,JR35501,JR35501,ATS,JR35501-en-US,,en-US,0,,,onsite,https://explore.jobs.netflix.net/careers/job/790304933448,False
790304892989,"Recruiting Researcher, Executive Engagement, APAC","Singapore,Singapore","['Singapore,Singapore']",0,Talent,Streaming,1755993600,1755993600,JR35425,JR35425,ATS,JR35425-en-US,,en-US,0,,,onsite,https://explore.jobs.netflix.net/careers/job/790304892989,False
790304770041,"Director, Advertising Sales Solutions - APAC","Singapore,Singapore","['Singapore,Singapore']",0,Advertising,Streaming,1755216000,1755216000,JR35091,JR35091,ATS,JR35091-en-US,,en-US,0,,,onsite,https://explore.jobs.netflix.net/careers/job/790304770041,False
790304732973,"Manager, Sponsorships & Packaging - APAC","Singapore,Singapore","['Singapore,Singapore']",0,Marketing,Streaming,1755043200,1755043200,JR35033,JR35033,ATS,JR35033-en-US,,en-US,0,,,onsite,https://explore.jobs.netflix.net/careers/job/790304732973,False
790304691214,Events Operations Coordinator - APAC,"Singapore,Singapore","['Singapore,Singapore']",0,Marketing,Streaming,1754956800,1754956800,JR35009,JR35009,ATS,JR35009-en-US,,en-US,0,,,onsite,https://explore.jobs.netflix.net/careers/job/790304691214,False
790304525346,"Associate, Finance and Strategy (F&S), APAC Partnerships","Singapore,Singapore","['Singapore,Singapore']",0,Strategy & Analysis,Streaming,1753920000,1753920000,JR34815,JR34815,ATS,JR34815-en-US,,en-US,0,,,onsite,https://explore.jobs.netflix.net/careers/job/790304525346,False
790304055579,"Consumer Insights, Senior Researcher, SEA/ANZ","Singapore,Singapore","['Singapore,Singapore']",0,Data & Insights,Streaming,1751500800,1751500800,JR34351,JR34351,ATS,JR34351-en-US,,en-US,0,,,onsite,https://explore.jobs.netflix.net/careers/job/790304055579,False
790304269505,Senior iOS Software Engineer (L5) DVX Mobile Core,USA - Remote,['USA - Remote'],1,Engineering,Streaming,1753401600,1753401600,JR34586,JR34586,ATS,JR34586-en-US,,en-US,0,,,remote_local,https://explore.jobs.netflix.net/careers/job/790304269505,False
790301800170,"Software Engineer 5, Data Clean Room","California - Remote,United States of America","['Seattle,Washington,United States of America', 'California - Remote,United States of America']",0,Engineering,Streaming,1742428800,1742428800,JR32522,JR32522,ATS,JR32522-en-US,,en-US,0,,,remote_local,https://explore.jobs.netflix.net/careers/job/790301800170,False
790311798908,"Product Manager, Media Planning (Ads)","New York,New York,United States of America","['Seattle,Washington,United States of America', 'New York,New York,United States of America', 'Los Angeles,California,United States of America', 'Los Gatos,California,United States of America']",0,Product Management,Streaming,1756944000,1756944000,JR35614,JR35614,ATS,JR35614-en-US,,en-US,0,,,onsite,https://explore.jobs.netflix.net/careers/job/790311798908,False
790311918241,"Senior Product Designer, Ads Platform","Los Gatos,California,United States of America","['Seattle,Washington,United States of America', 'Los Gatos,California,United States of America', 'New York,New York,United States of America', 'Los Angeles,California,United States of America']",0,Product Design,Streaming,1757548800,1757548800,JR36011,JR36011,ATS,JR36011-en-US,,en-US,0,,,onsite,https://explore.jobs.netflix.net/careers/job/790311918241,False
790304826699,"Product Manager, Supply (Ads)","New York,New York,United States of America","['Seattle,Washington,United States of America', 'New York,New York,United States of America', 'Los Angeles,California,United States of America', 'Los Gatos,California,United States of America']",0,Product Management,Streaming,1755475200,1755475200,JR35333,JR35333,ATS,JR35333-en-US,,en-US,0,,,onsite,https://explore.jobs.netflix.net/careers/job/790304826699,False
790311914087,"Sr Manager, Product Management (Identity, Signals & Optimization) - Ads","New York,New York,United States of America","['Seattle,Washington,United States of America', 'New York,New York,United States of America', 'Los Angeles,California,United States of America', 'Los Gatos,California,United States of America']",0,Product Management,Streaming,1757548800,1757548800,JR35993,JR35993,ATS,JR35993-en-US,,en-US,0,,,onsite,https://explore.jobs.netflix.net/careers/job/790311914087,False
790312242853,"Product Manager, Laboratory Infrastructure (Ads Platform)","Los Angeles,California,United States of America","['Seattle,Washington,United States of America', 'Los Angeles,California,United States of America', 'New York,New York,United States of America', 'Los Gatos,California,United States of America']",0,Product Management,Streaming,1757980800,1757980800,JR36209,JR36209,ATS,JR36209-en-US,,en-US,0,,,onsite,https://explore.jobs.netflix.net/careers/job/790312242853,False
790312242868,"Product Manager, Machine Learning Architecture (Ads Platform)","Los Gatos,California,United States of America","['Seattle,Washington,United States of America', 'Los Gatos,California,United States of America', 'New York,New York,United States of America', 'Los Angeles,California,United States of America']",0,Product Management,Streaming,1758672000,1758672000,JR36208,JR36208,ATS,JR36208-en-US,,en-US,0,,,onsite,https://explore.jobs.netflix.net/careers/job/790312242868,False
790301098981,"Product Manager, Live Ad Serving (Ads)","Los Gatos,California,United States of America","['Seattle,Washington,United States of America', 'Los Gatos,California,United States of America', 'New York,New York,United States of America', 'Los Angeles,California,United States of America']",0,Product Management,Streaming,1752796800,1738540800,JR31628,JR31628,ATS,JR31628-en-US,,en-US,0,,,onsite,https://explore.jobs.netflix.net/careers/job/790301098981,False
790302420337,"Engineering Manager, Asset Personalization Experience",USA - Remote,"['Seattle,Washington,United States of America', 'USA - Remote', 'New York,New York,United States of America', 'Los Angeles,California,United States of America', 'Los Gatos,California,United States of America']",0,Engineering,Streaming,1752192000,1746662400,JR33066,JR33066,ATS,JR33066-en-US,,en-US,0,,,onsite,https://explore.jobs.netflix.net/careers/job/790302420337,False
790302551371,Sr. Manager Marketing - Nordics,"Stockholm,Sweden","['Stockholm,Sweden']",0,Marketing,Streaming,1745366400,1745366400,JR33144,JR33144,ATS,JR33144-en-US,,en-US,0,,,onsite,https://explore.jobs.netflix.net/careers/job/790302551371,False
790303495747,"Senior Game Producer, Strategic Initiatives","Los Angeles,California,United States of America","['Los Angeles,California,United States of America']",0,Netflix Games Studio,Streaming,1752364800,1748995200,JR33870,JR33870,ATS,JR33870-en-US,,en-US,0,,,remote_global,https://explore.jobs.netflix.net/careers/job/790303495747,False
790301134565,Production Coordinator,"Vancouver,Canada","['Vancouver,Canada']",0,Feature Animation,Animation,1738540800,1738540800,JR31661,JR31661,ATS,JR31661-en-US,,en-US,0,,,onsite,https://explore.jobs.netflix.net/careers/job/790301134565,False
790301136356,Character FX Artist,"Vancouver,Canada","['Vancouver,Canada']",0,Feature Animation,Animation,1738540800,1738540800,JR31681,JR31681,ATS,JR31681-en-US,,en-US,0,,,onsite,https://explore.jobs.netflix.net/careers/job/790301136356,False
790301136971,Crowds Artist,"Vancouver,Canada","['Vancouver,Canada']",0,Feature Animation,Animation,1738540800,1738540800,JR31687,JR31687,ATS,JR31687-en-US,,en-US,0,,,onsite,https://explore.jobs.netflix.net/careers/job/790301136971,False
790301206068,Lighting Artist,"Vancouver,Canada","['Vancouver,Canada']",0,Feature Animation,Animation,1739145600,1739145600,JR31817,JR31817,ATS,JR31817-en-US,,en-US,0,,,onsite,https://explore.jobs.netflix.net/careers/job/790301206068,False
790302977762,"Technical Trainer, Netflix Animation Studios","Vancouver,Canada","['Vancouver,Canada']",0,Feature Animation,Animation,1747094400,1747094400,JR33310,JR33310,ATS,JR33310-en-US,,en-US,0,,,onsite,https://explore.jobs.netflix.net/careers/job/790302977762,False
790303358249,Modeling Technical Lead,"Vancouver,Canada","['Vancouver,Canada']",0,Feature Animation,Animation,1748304000,1748304000,JR33724,JR33724,ATS,JR33724-en-US,,en-US,0,,,onsite,https://explore.jobs.netflix.net/careers/job/790303358249,False
790303497827,Matte Painting Artist,"Vancouver,Canada","['Vancouver,Canada']",0,Feature Animation,Animation,1748995200,1748995200,JR33886,JR33886,ATS,JR33886-en-US,,en-US,0,,,onsite,https://explore.jobs.netflix.net/careers/job/790303497827,False
790301319249,Software Engineer - Animation & Rigging,"Vancouver,Canada","['Vancouver,Canada']",0,Feature Animation,Animation,1740009600,1740009600,JR31994,JR31994,ATS,JR31994-en-US,,en-US,0,,,onsite,https://explore.jobs.netflix.net/careers/job/790301319249,False
790301319363,Software Engineer - Rendering,"Vancouver,Canada","['Vancouver,Canada']",0,Feature Animation,Animation,1740009600,1740009600,JR31997,JR31997,ATS,JR31997-en-US,,en-US,0,,,onsite,https://explore.jobs.netflix.net/careers/job/790301319363,False
790301384045,"Expression of Interest - Feature Animation, Rigging, Vancouver","Vancouver,Canada","['Vancouver,Canada']",0,Feature Animation,Animation,1740528000,1740528000,JR32089,JR32089,ATS,JR32089-en-US,,en-US,0,,,onsite,https://explore.jobs.netflix.net/careers/job/790301384045,False
790304931656,"Senior Manager, Screenings - APAC","Tokyo,Japan","['Tokyo,Japan', 'Pyrmont,New South Wales,Australia']",0,Marketing,Streaming,1756339200,1756339200,JR35499,JR35499,ATS,JR35499-en-US,,en-US,0,,,onsite,https://explore.jobs.netflix.net/careers/job/790304931656,False
790301137908,Animator,"Sydney,Australia","['Sydney,Australia']",0,Feature Animation,Animation,1738540800,1738540800,JR31692,JR31692,ATS,JR31692-en-US,,en-US,0,,,onsite,https://explore.jobs.netflix.net/careers/job/790301137908,False
790301137954,Character FX Artist,"Sydney,Australia","['Sydney,Australia']",0,Feature Animation,Animation,1738540800,1738540800,JR31694,JR31694,ATS,JR31694-en-US,,en-US,0,,,onsite,https://explore.jobs.netflix.net/careers/job/790301137954,False
790301206037,Lighting Artist,"Sydney,Australia","['Sydney,Australia']",0,Feature Animation,Animation,1739145600,1739145600,JR31816,JR31816,ATS,JR31816-en-US,,en-US,0,,,onsite,https://explore.jobs.netflix.net/careers/job/790301206037,False
790303001605,Crowd/Fix Animator,"Sydney,Australia","['Sydney,Australia']",0,Feature Animation,Animation,1746144000,1746144000,JR33324,JR33324,ATS,JR33324-en-US,,en-US,0,,,onsite,https://explore.jobs.netflix.net/careers/job/790303001605,False
790303243365,Post Engineer,"Sydney,Australia","['Sydney,Australia']",0,Feature Animation,Animation,1747267200,1747267200,JR33577,JR33577,ATS,JR33577-en-US,,en-US,0,,,onsite,https://explore.jobs.netflix.net/careers/job/790303243365,False
790301304273,FX Artist,"Sydney,Australia","['Sydney,Australia']",0,Feature Animation,Animation,1739923200,1739923200,JR31984,JR31984,ATS,JR31984-en-US,,en-US,0,,,onsite,https://explore.jobs.netflix.net/careers/job/790301304273,False
790301357465,Software Engineer - Procedural Geometry & Simulation,"Sydney,Australia","['Sydney,Australia']",0,Feature Animation,Animation,1740355200,1740355200,JR32050,JR32050,ATS,JR32050-en-US,,en-US,0,,,onsite,https://explore.jobs.netflix.net/careers/job/790301357465,False
790301368206,Production Coordinator,"Sydney,Australia","['Sydney,Australia']",0,Feature Animation,Animation,1740441600,1740441600,JR32061,JR32061,ATS,JR32061-en-US,,en-US,0,,,onsite,https://explore.jobs.netflix.net/careers/job/790301368206,False
790301384078,"Expression of Interest - Feature Animation, Rigging, Sydney","Sydney,Australia","['Sydney,Australia']",0,Feature Animation,Animation,1740528000,1740528000,JR32090,JR32090,ATS,JR32090-en-US,,en-US,0,,,onsite,https://explore.jobs.netflix.net/careers/job/790301384078,False
790302856610,Senior Data Engineer (L5) - Poland,"Warsaw,Poland","['Warsaw,Poland']",0,Data & Insights,Streaming,1745884800,1745884800,JR33237,JR33237,ATS,JR33237-en-US,,en-US,0,,,onsite,https://explore.jobs.netflix.net/careers/job/790302856610,False
790303082187,Site Reliability Engineer L5,"Warsaw,Poland","['Warsaw,Poland']",0,Engineering,Streaming,1746576000,1746576000,JR33407,JR33407,ATS,JR33407-en-US,,en-US,0,,,onsite,https://explore.jobs.netflix.net/careers/job/790303082187,False
790300319177,"Software Engineer (L4/L5) - Content, Business Products and Games Engineering","Warsaw,Poland","['Warsaw,Poland']",0,Engineering,Streaming,1743638400,1733788800,JR30996,JR30996,ATS,JR30996-en-US,,en-US,0,,,onsite,https://explore.jobs.netflix.net/careers/job/790300319177,False
790302168096,Software Engineer 5 - Data Platform Poland,"Warsaw,Poland","['Warsaw,Poland']",0,Engineering,Streaming,1743984000,1743984000,JR32845,JR32845,ATS,JR32845-en-US,,en-US,0,,,onsite,https://explore.jobs.netflix.net/careers/job/790302168096,False
790302157129,UI Engineer (L4/L5) - Content and Business Products Engineering,"Warsaw,Poland","['Warsaw,Poland']",0,Engineering,Streaming,1756857600,1743984000,JR32825,JR32825,ATS,JR32825-en-US,,en-US,0,,,onsite,https://explore.jobs.netflix.net/careers/job/790302157129,False
790311893636,"Counsel, Business & Legal Affairs - CEE","Warsaw,Poland","['Warsaw,Poland']",0,Legal,Streaming,1757462400,1757462400,JR35957,JR35957,ATS,JR35957-en-US,,en-US,0,,,onsite,https://explore.jobs.netflix.net/careers/job/790311893636,False
790304902589,Software Engineer 4 - Data Platform Poland,"Warsaw,Poland","['Warsaw,Poland']",0,Engineering,Streaming,1756080000,1756080000,JR35443,JR35443,ATS,JR35443-en-US,,en-US,0,,,onsite,https://explore.jobs.netflix.net/careers/job/790304902589,False
790311765192,Engineering Manager — Commerce Experiences Testing Infrastructure,"Warsaw,Poland","['Warsaw,Poland']",0,Engineering,Streaming,1756684800,1756684800,JR35547,JR35547,ATS,JR35547-en-US,,en-US,0,,,onsite,https://explore.jobs.netflix.net/careers/job/790311765192,False
790311776656,Full-Stack Engineer (L4/L5) - Customer Success Platform,"Warsaw,Poland","['Warsaw,Poland']",0,Engineering,Streaming,1756771200,1756771200,JR35561,JR35561,ATS,JR35561-en-US,,en-US,0,,,onsite,https://explore.jobs.netflix.net/careers/job/790311776656,False
790304241863,"Staff Software Engineer (L6), Games Platform Engineering - Games Lifecycle","Warsaw,Poland","['Warsaw,Poland']",0,Engineering,Streaming,1752451200,1752451200,JR34488,JR34488,ATS,JR34488-en-US,,en-US,0,,,onsite,https://explore.jobs.netflix.net/careers/job/790304241863,False
790304269505,Senior iOS Software Engineer (L5) DVX Mobile Core,USA - Remote,['USA - Remote'],1,Engineering,Streaming,1753401600,1753401600,JR34586,JR34586,ATS,JR34586-en-US,,en-US,0,,,remote_local,https://explore.jobs.netflix.net/careers/job/790304269505,False
790311781377,"Senior Manager, U.S. Federal Regulatory Affairs","Washington DC,District of Columbia,United States of America","['Washington DC,District of Columbia,United States of America']",0,Global Affairs,Streaming,1756771200,1756771200,JR35583,JR35583,ATS,JR35583-en-US,,en-US,0,,,onsite,https://explore.jobs.netflix.net/careers/job/790311781377,False
790300937664,"Director, Growth Data Engineering",USA - Remote,['USA - Remote'],0,Data & Insights,Streaming,1737417600,1737417600,JR31445,JR31445,ATS,JR31445-en-US,,en-US,0,,,remote_local,https://explore.jobs.netflix.net/careers/job/790300937664,False
790301213092,"Machine Learning Engineer (L5 - Senior) , Ads Inventory Management & Forecasting",USA - Remote,['USA - Remote'],0,Data & Insights,Streaming,1739145600,1739145600,JR31823,JR31823,ATS,JR31823-en-US,,en-US,0,,,remote_local,https://explore.jobs.netflix.net/careers/job/790301213092,False
790303046697,"Engineering Manager, Data - Personalization",USA - Remote,['USA - Remote'],0,Data & Insights,Streaming,1748390400,1748390400,JR33378,JR33378,ATS,JR33378-en-US,,en-US,0,,,remote_local,https://explore.jobs.netflix.net/careers/job/790303046697,False
790301787024,Web UI Engineer (L5) - Netflix Game Controller - Games Player Experiences,USA - Remote,['USA - Remote'],0,Engineering,Streaming,1742428800,1742428800,JR32497,JR32497,ATS,JR32497-en-US,,en-US,0,,,remote_local,https://explore.jobs.netflix.net/careers/job/790301787024,False
790302031246,"Software Engineer L5, Build and Release Tools, Machine Learning Platform",USA - Remote,['USA - Remote'],0,Engineering,Streaming,1743465600,1743465600,JR32718,JR32718,ATS,JR32718-en-US,,en-US,0,,,remote_local,https://explore.jobs.netflix.net/careers/job/790302031246,False
790298020581,Distributed Systems Engineer (L5) - Data Platform,USA - Remote,['USA - Remote'],0,Engineering,Streaming,1721433600,1721433600,JR28718,JR28718,ATS,JR28718-en-US,,en-US,0,,,remote_local,https://explore.jobs.netflix.net/careers/job/790298020581,False
790298021158,Data Engineer (L5),USA - Remote,['USA - Remote'],0,Data & Insights,Streaming,1721433600,1721433600,JR28723,JR28723,ATS,JR28723-en-US,,en-US,0,,,remote_local,https://explore.jobs.netflix.net/careers/job/790298021158,False
790299327615,Director - Ads Data Engineering,USA - Remote,['USA - Remote'],0,Data & Insights,Streaming,1727654400,1727654400,JR30068,JR30068,ATS,JR30068-en-US,,en-US,0,,,remote_local,https://explore.jobs.netflix.net/careers/job/790299327615,False
790304269505,Senior iOS Software Engineer (L5) DVX Mobile Core,USA - Remote,['USA - Remote'],1,Engineering,Streaming,1753401600,1753401600,JR34586,JR34586,ATS,JR34586-en-US,,en-US,0,,,remote_local,https://explore.jobs.netflix.net/careers/job/790304269505,False
790311788228,Senior Client Partner (Auto),"Michigan - Remote,United States of America","['Michigan - Remote,United States of America']",0,Advertising,Streaming,1756857600,1756857600,JR35591,JR35591,ATS,JR35591-en-US,,en-US,0,,,onsite,https://explore.jobs.netflix.net/careers/job/790311788228,False
790300937664,"Director, Growth Data Engineering",USA - Remote,['USA - Remote'],0,Data & Insights,Streaming,1737417600,1737417600,JR31445,JR31445,ATS,JR31445-en-US,,en-US,0,,,remote_local,https://explore.jobs.netflix.net/careers/job/790300937664,False
790301213092,"Machine Learning Engineer (L5 - Senior) , Ads Inventory Management & Forecasting",USA - Remote,['USA - Remote'],0,Data & Insights,Streaming,1739145600,1739145600,JR31823,JR31823,ATS,JR31823-en-US,,en-US,0,,,remote_local,https://explore.jobs.netflix.net/careers/job/790301213092,False
790303046697,"Engineering Manager, Data - Personalization",USA - Remote,['USA - Remote'],0,Data & Insights,Streaming,1748390400,1748390400,JR33378,JR33378,ATS,JR33378-en-US,,en-US,0,,,remote_local,https://explore.jobs.netflix.net/careers/job/790303046697,False
790301787024,Web UI Engineer (L5) - Netflix Game Controller - Games Player Experiences,USA - Remote,['USA - Remote'],0,Engineering,Streaming,1742428800,1742428800,JR32497,JR32497,ATS,JR32497-en-US,,en-US,0,,,remote_local,https://explore.jobs.netflix.net/careers/job/790301787024,False
790302031246,"Software Engineer L5, Build and Release Tools, Machine Learning Platform",USA - Remote,['USA - Remote'],0,Engineering,Streaming,1743465600,1743465600,JR32718,JR32718,ATS,JR32718-en-US,,en-US,0,,,remote_local,https://explore.jobs.netflix.net/careers/job/790302031246,False
790298020581,Distributed Systems Engineer (L5) - Data Platform,USA - Remote,['USA - Remote'],0,Engineering,Streaming,1721433600,1721433600,JR28718,JR28718,ATS,JR28718-en-US,,en-US,0,,,remote_local,https://explore.jobs.netflix.net/careers/job/790298020581,False
790298021158,Data Engineer (L5),USA - Remote,['USA - Remote'],0,Data & Insights,Streaming,1721433600,1721433600,JR28723,JR28723,ATS,JR28723-en-US,,en-US,0,,,remote_local,https://explore.jobs.netflix.net/careers/job/790298021158,False
790299327615,Director - Ads Data Engineering,USA - Remote,['USA - Remote'],0,Data & Insights,Streaming,1727654400,1727654400,JR30068,JR30068,ATS,JR30068-en-US,,en-US,0,,,remote_local,https://explore.jobs.netflix.net/careers/job/790299327615,False
790303045914,"Manager, Photo & AV Studio - Chinese Language Content","Taipei City,Taiwan","['Taipei City,Taiwan']",0,Marketing,Streaming,1746057600,1746057600,JR33376,JR33376,ATS,JR33376-en-US,,en-US,0,,,onsite,https://explore.jobs.netflix.net/careers/job/790303045914,False
790304339859,"Manager, Post Production - Chinese Language","Taipei City,Taiwan","['Taipei City,Taiwan']",0,Content Production,Streaming,1753056000,1753056000,JR34645,JR34645,ATS,JR34645-en-US,,en-US,0,,,onsite,https://explore.jobs.netflix.net/careers/job/790304339859,False
790303495747,"Senior Game Producer, Strategic Initiatives","Los Angeles,California,United States of America","['Los Angeles,California,United States of America']",0,Netflix Games Studio,Streaming,1752364800,1748995200,JR33870,JR33870,ATS,JR33870-en-US,,en-US,0,,,remote_global,https://explore.jobs.netflix.net/careers/job/790303495747,False
790304269505,Senior iOS Software Engineer (L5) DVX Mobile Core,USA - Remote,['USA - Remote'],1,Engineering,Streaming,1753401600,1753401600,JR34586,JR34586,ATS,JR34586-en-US,,en-US,0,,,remote_local,https://explore.jobs.netflix.net/careers/job/790304269505,False
790303668521,Client Systems Engineer 5,"Massachusetts - Remote,United States of America","['Massachusetts - Remote,United States of America']",0,Engineering,Streaming,1750032000,1750032000,JR34083,JR34083,ATS,JR34083-en-US,,en-US,0,,,onsite,https://explore.jobs.netflix.net/careers/job/790303668521,False
790300937664,"Director, Growth Data Engineering",USA - Remote,['USA - Remote'],0,Data & Insights,Streaming,1737417600,1737417600,JR31445,JR31445,ATS,JR31445-en-US,,en-US,0,,,remote_local,https://explore.jobs.netflix.net/careers/job/790300937664,False
790301213092,"Machine Learning Engineer (L5 - Senior) , Ads Inventory Management & Forecasting",USA - Remote,['USA - Remote'],0,Data & Insights,Streaming,1739145600,1739145600,JR31823,JR31823,ATS,JR31823-en-US,,en-US,0,,,remote_local,https://explore.jobs.netflix.net/careers/job/790301213092,False
790303046697,"Engineering Manager, Data - Personalization",USA - Remote,['USA - Remote'],0,Data & Insights,Streaming,1748390400,1748390400,JR33378,JR33378,ATS,JR33378-en-US,,en-US,0,,,remote_local,https://explore.jobs.netflix.net/careers/job/790303046697,False
790301787024,Web UI Engineer (L5) - Netflix Game Controller - Games Player Experiences,USA - Remote,['USA - Remote'],0,Engineering,Streaming,1742428800,1742428800,JR32497,JR32497,ATS,JR32497-en-US,,en-US,0,,,remote_local,https://explore.jobs.netflix.net/careers/job/790301787024,False
790302031246,"Software Engineer L5, Build and Release Tools, Machine Learning Platform",USA - Remote,['USA - Remote'],0,Engineering,Streaming,1743465600,1743465600,JR32718,JR32718,ATS,JR32718-en-US,,en-US,0,,,remote_local,https://explore.jobs.netflix.net/careers/job/790302031246,False
790298020581,Distributed Systems Engineer (L5) - Data Platform,USA - Remote,['USA - Remote'],0,Engineering,Streaming,1721433600,1721433600,JR28718,JR28718,ATS,JR28718-en-US,,en-US,0,,,remote_local,https://explore.jobs.netflix.net/careers/job/790298020581,False
790298021158,Data Engineer (L5),USA - Remote,['USA - Remote'],0,Data & Insights,Streaming,1721433600,1721433600,JR28723,JR28723,ATS,JR28723-en-US,,en-US,0,,,remote_local,https://explore.jobs.netflix.net/careers/job/790298021158,False
790299327615,Director - Ads Data Engineering,USA - Remote,['USA - Remote'],0,Data & Insights,Streaming,1727654400,1727654400,JR30068,JR30068,ATS,JR30068-en-US,,en-US,0,,,remote_local,https://explore.jobs.netflix.net/careers/job/790299327615,False
790311775706,"Administrative Assistant, Global Affairs - India","New Delhi,India","['New Delhi,India']",0,Administration,Streaming,1756771200,1756771200,JR35559,JR35559,ATS,JR35559-en-US,,en-US,0,,,onsite,https://explore.jobs.netflix.net/careers/job/790311775706,False
790303495747,"Senior Game Producer, Strategic Initiatives","Los Angeles,California,United States of America","['Los Angeles,California,United States of America']",0,Netflix Games Studio,Streaming,1752364800,1748995200,JR33870,JR33870,ATS,JR33870-en-US,,en-US,0,,,remote_global,https://explore.jobs.netflix.net/careers/job/790303495747,False
790304931656,"Senior Manager, Screenings - APAC","Tokyo,Japan","['Tokyo,Japan', 'Pyrmont,New South Wales,Australia']",0,Marketing,Streaming,1756339200,1756339200,JR35499,JR35499,ATS,JR35499-en-US,,en-US,0,,,onsite,https://explore.jobs.netflix.net/careers/job/790304931656,False
790301137908,Animator,"Sydney,Australia","['Sydney,Australia']",0,Feature Animation,Animation,1738540800,1738540800,JR31692,JR31692,ATS,JR31692-en-US,,en-US,0,,,onsite,https://explore.jobs.netflix.net/careers/job/790301137908,False
790301137954,Character FX Artist,"Sydney,Australia","['Sydney,Australia']",0,Feature Animation,Animation,1738540800,1738540800,JR31694,JR31694,ATS,JR31694-en-US,,en-US,0,,,onsite,https://explore.jobs.netflix.net/careers/job/790301137954,False
790301206037,Lighting Artist,"Sydney,Australia","['Sydney,Australia']",0,Feature Animation,Animation,1739145600,1739145600,JR31816,JR31816,ATS,JR31816-en-US,,en-US,0,,,onsite,https://explore.jobs.netflix.net/careers/job/790301206037,False
790303001605,Crowd/Fix Animator,"Sydney,Australia","['Sydney,Australia']",0,Feature Animation,Animation,1746144000,1746144000,JR33324,JR33324,ATS,JR33324-en-US,,en-US,0,,,onsite,https://explore.jobs.netflix.net/careers/job/790303001605,False
790303243365,Post Engineer,"Sydney,Australia","['Sydney,Australia']",0,Feature Animation,Animation,1747267200,1747267200,JR33577,JR33577,ATS,JR33577-en-US,,en-US,0,,,onsite,https://explore.jobs.netflix.net/careers/job/790303243365,False
790301304273,FX Artist,"Sydney,Australia","['Sydney,Australia']",0,Feature Animation,Animation,1739923200,1739923200,JR31984,JR31984,ATS,JR31984-en-US,,en-US,0,,,onsite,https://explore.jobs.netflix.net/careers/job/790301304273,False
790301357465,Software Engineer - Procedural Geometry & Simulation,"Sydney,Australia","['Sydney,Australia']",0,Feature Animation,Animation,1740355200,1740355200,JR32050,JR32050,ATS,JR32050-en-US,,en-US,0,,,onsite,https://explore.jobs.netflix.net/careers/job/790301357465,False
790301368206,Production Coordinator,"Sydney,Australia","['Sydney,Australia']",0,Feature Animation,Animation,1740441600,1740441600,JR32061,JR32061,ATS,JR32061-en-US,,en-US,0,,,onsite,https://explore.jobs.netflix.net/careers/job/790301368206,False
790301384078,"Expression of Interest - Feature Animation, Rigging, Sydney","Sydney,Australia","['Sydney,Australia']",0,Feature Animation,Animation,1740528000,1740528000,JR32090,JR32090,ATS,JR32090-en-US,,en-US,0,,,onsite,https://explore.jobs.netflix.net/careers/job/790301384078,False
790304650308,"Manager, Film & Series Marketing - India","Mumbai,India","['Mumbai,India']",0,Marketing,Streaming,1754611200,1754611200,JR34955,JR34955,ATS,JR34955-en-US,,en-US,0,,,onsite,https://explore.jobs.netflix.net/careers/job/790304650308,False
790304901105,"Coordinator, Legal Workflows, Tools & Operations - India","Mumbai,India","['Mumbai,India']",0,Legal,Streaming,1756080000,1756080000,JR35438,JR35438,ATS,JR35438-en-US,,en-US,0,,,onsite,https://explore.jobs.netflix.net/careers/job/790304901105,False
790304273569,"Project Manager, Non-Branded Launch Operations","Mumbai,India","['Mumbai,India']",0,Program Management,Streaming,1752710400,1752710400,JR34598,JR34598,ATS,JR34598-en-US,,en-US,0,,,onsite,https://explore.jobs.netflix.net/careers/job/790304273569,False
790303561005,Art & Print Producer - India,"Mumbai,India","['Mumbai,India']",0,Marketing,Streaming,1749513600,1749513600,JR33967,JR33967,ATS,JR33967-en-US,,en-US,0,,,onsite,https://explore.jobs.netflix.net/careers/job/790303561005,False
790303495747,"Senior Game Producer, Strategic Initiatives","Los Angeles,California,United States of America","['Los Angeles,California,United States of America']",0,Netflix Games Studio,Streaming,1752364800,1748995200,JR33870,JR33870,ATS,JR33870-en-US,,en-US,0,,,remote_global,https://explore.jobs.netflix.net/careers/job/790303495747,False
790311775706,"Administrative Assistant, Global Affairs - India","New Delhi,India","['New Delhi,India']",0,Administration,Streaming,1756771200,1756771200,JR35559,JR35559,ATS,JR35559-en-US,,en-US,0,,,onsite,https://explore.jobs.netflix.net/careers/job/790311775706,False
790304901105,"Coordinator, Legal Workflows, Tools & Operations - India","Mumbai,India","['Mumbai,India']",0,Legal,Streaming,1756080000,1756080000,JR35438,JR35438,ATS,JR35438-en-US,,en-US,0,,,onsite,https://explore.jobs.netflix.net/careers/job/790304901105,False
790304650308,"Manager, Film & Series Marketing - India","Mumbai,India","['Mumbai,India']",0,Marketing,Streaming,1754611200,1754611200,JR34955,JR34955,ATS,JR34955-en-US,,en-US,0,,,onsite,https://explore.jobs.netflix.net/careers/job/790304650308,False
790304653856,VFX Technology Systems and Operations Specialist (TSOS),India - Remote,['India - Remote'],0,Engineering Operations,Streaming,1754611200,1754611200,JR34958,JR34958,ATS,JR34958-en-US,,en-US,0,,,onsite,https://explore.jobs.netflix.net/careers/job/790304653856,False
790304273569,"Project Manager, Non-Branded Launch Operations","Mumbai,India","['Mumbai,India']",0,Program Management,Streaming,1752710400,1752710400,JR34598,JR34598,ATS,JR34598-en-US,,en-US,0,,,onsite,https://explore.jobs.netflix.net/careers/job/790304273569,False
790303561005,Art & Print Producer - India,"Mumbai,India","['Mumbai,India']",0,Marketing,Streaming,1749513600,1749513600,JR33967,JR33967,ATS,JR33967-en-US,,en-US,0,,,onsite,https://explore.jobs.netflix.net/careers/job/790303561005,False
790303481126,"HR Business Partner, Scanline India (Hyderabad)",India - Remote,['India - Remote'],0,Talent,Streaming,1758872100,1748995200,JR33853,JR33853,ATS,JR33853-en-US,,en-US,0,,,onsite,https://explore.jobs.netflix.net/careers/job/790303481126,False
790303495747,"Senior Game Producer, Strategic Initiatives","Los Angeles,California,United States of America","['Los Angeles,California,United States of America']",0,Netflix Games Studio,Streaming,1752364800,1748995200,JR33870,JR33870,ATS,JR33870-en-US,,en-US,0,,,remote_global,https://explore.jobs.netflix.net/careers/job/790303495747,False
790311790593,"Senior Manager, Regulatory Policy - Canada","Toronto,Canada","['Toronto,Canada']",0,Global Affairs,Streaming,1756857600,1756857600,JR35601,JR35601,ATS,JR35601-en-US,,en-US,0,,,onsite,https://explore.jobs.netflix.net/careers/job/790311790593,False
790304921300,"Specialist, Publicity, Canada","Toronto,Canada","['Toronto,Canada']",0,Marketing,Streaming,1758872100,1756166400,JR35464,JR35464,ATS,JR35464-en-US,,en-US,0,,,onsite,https://explore.jobs.netflix.net/careers/job/790304921300,False
790300124532,"Senior Product Designer, Enterprise XD",USA - Remote,"['Toronto,Ontario,Canada', 'USA - Remote']",0,Product Design,Streaming,1731888000,1731888000,JR30691,JR30691,ATS,JR30691-en-US,,en-US,0,,,onsite,https://explore.jobs.netflix.net/careers/job/790300124532,False
790303495747,"Senior Game Producer, Strategic Initiatives","Los Angeles,California,United States of America","['Los Angeles,California,United States of America']",0,Netflix Games Studio,Streaming,1752364800,1748995200,JR33870,JR33870,ATS,JR33870-en-US,,en-US,0,,,remote_global,https://explore.jobs.netflix.net/careers/job/790303495747,False
790304269505,Senior iOS Software Engineer (L5) DVX Mobile Core,USA - Remote,['USA - Remote'],1,Engineering,Streaming,1753401600,1753401600,JR34586,JR34586,ATS,JR34586-en-US,,en-US,0,,,remote_local,https://explore.jobs.netflix.net/careers/job/790304269505,False
790303000810,Ads Policy Strategist,"New York,New York,United States of America","['New York,New York,United States of America', 'Los Angeles,California,United States of America']",0,Legal,Streaming,1746144000,1746144000,JR33320,JR33320,ATS,JR33320-en-US,,en-US,0,,,onsite,https://explore.jobs.netflix.net/careers/job/790303000810,False
790303276686,"Program Manager, Ads Business Operations (System Readiness)","New York,New York,United States of America","['New York,New York,United States of America']",0,Program Management,Streaming,1747612800,1747612800,JR33610,JR33610,ATS,JR33610-en-US,,en-US,0,,,onsite,https://explore.jobs.netflix.net/careers/job/790303276686,False
790311798908,"Product Manager, Media Planning (Ads)","New York,New York,United States of America","['New York,New York,United States of America', 'Seattle,Washington,United States of America', 'Los Angeles,California,United States of America', 'Los Gatos,California,United States of America']",0,Product Management,Streaming,1756944000,1756944000,JR35614,JR35614,ATS,JR35614-en-US,,en-US,0,,,onsite,https://explore.jobs.netflix.net/careers/job/790311798908,False
790311856514,"Research Scientist (L4) - Machine Learning and Inference Research, LLM Post-Training","Los Gatos,California,United States of America","['New York,New York,United States of America', 'Los Gatos,California,United States of America']",0,Data & Insights,Streaming,1757289600,1757289600,JR35689,JR35689,ATS,JR35689-en-US,,en-US,0,,,onsite,https://explore.jobs.netflix.net/careers/job/790311856514,False
790311903271,Senior Construction Project Manager,"New York,New York,United States of America","['New York,New York,United States of America']",0,Enterprise Operations,Streaming,1757462400,1757462400,JR35960,JR35960,ATS,JR35960-en-US,,en-US,0,,,onsite,https://explore.jobs.netflix.net/careers/job/790311903271,False
790311918241,"Senior Product Designer, Ads Platform","Los Gatos,California,United States of America","['New York,New York,United States of America', 'Los Gatos,California,United States of America', 'Seattle,Washington,United States of America', 'Los Angeles,California,United States of America']",0,Product Design,Streaming,1757548800,1757548800,JR36011,JR36011,ATS,JR36011-en-US,,en-US,0,,,onsite,https://explore.jobs.netflix.net/careers/job/790311918241,False
790304768597,Ad Sales Curriculum Designer,"New York,New York,United States of America","['New York,New York,United States of America']",0,Talent,Streaming,1755129600,1755129600,JR35073,JR35073,ATS,JR35073-en-US,,en-US,0,,,onsite,https://explore.jobs.netflix.net/careers/job/790304768597,False
790304826699,"Product Manager, Supply (Ads)","New York,New York,United States of America","['New York,New York,United States of America', 'Seattle,Washington,United States of America', 'Los Angeles,California,United States of America', 'Los Gatos,California,United States of America']",0,Product Management,Streaming,1755475200,1755475200,JR35333,JR35333,ATS,JR35333-en-US,,en-US,0,,,onsite,https://explore.jobs.netflix.net/careers/job/790304826699,False
790311799239,"Advertising Business Operations, Program Manager","New York,New York,United States of America","['New York,New York,United States of America']",0,Program Management,Streaming,1756944000,1756944000,JR35617,JR35617,ATS,JR35617-en-US,,en-US,0,,,onsite,https://explore.jobs.netflix.net/careers/job/790311799239,False
790304915424,"Sr. Manager, Ads Ops, Demand Management, LATAM","Sao Paulo,Brazil","['Sao Paulo,Brazil', 'Ciudad de México,Mexico']",0,Advertising,Streaming,1756166400,1756166400,JR35451,JR35451,ATS,JR35451-en-US,,en-US,0,,,onsite,https://explore.jobs.netflix.net/careers/job/790304915424,False
790303512987,Technology Systems and Operations Specialist,"Sao Paulo,Brazil","['Sao Paulo,Brazil']",0,Engineering Operations,Streaming,1749081600,1749081600,JR33911,JR33911,ATS,JR33911-en-US,,en-US,0,,,onsite,https://explore.jobs.netflix.net/careers/job/790303512987,False
790312094507,"Manager, Production Solutions (LATAM)","Sao Paulo,Brazil","['Sao Paulo,Brazil']",0,Content Production Operations,Streaming,1758872100,1758499200,JR36150,JR36150,ATS,JR36150-en-US,,en-US,0,,,onsite,https://explore.jobs.netflix.net/careers/job/790312094507,False
790303495747,"Senior Game Producer, Strategic Initiatives","Los Angeles,California,United States of America","['Los Angeles,California,United States of America']",0,Netflix Games Studio,Streaming,1752364800,1748995200,JR33870,JR33870,ATS,JR33870-en-US,,en-US,0,,,remote_global,https://explore.jobs.netflix.net/careers/job/790303495747,False
790304269505,Senior iOS Software Engineer (L5) DVX Mobile Core,USA - Remote,['USA - Remote'],1,Engineering,Streaming,1753401600,1753401600,JR34586,JR34586,ATS,JR34586-en-US,,en-US,0,,,remote_local,https://explore.jobs.netflix.net/careers/job/790304269505,False
790300762468,"Software Engineer L4 Training Platform, Machine Learning Platform","USA - Remote,California,United States of America","['USA - Remote,California,United States of America']",0,Data & Insights,Streaming,1736294400,1736294400,JR31231,JR31231,ATS,JR31231-en-US,,en-US,0,,,remote_local,https://explore.jobs.netflix.net/careers/job/790300762468,False
790301800170,"Software Engineer 5, Data Clean Room","California - Remote,United States of America","['California - Remote,United States of America', 'Seattle,Washington,United States of America']",0,Engineering,Streaming,1742428800,1742428800,JR32522,JR32522,ATS,JR32522-en-US,,en-US,0,,,remote_local,https://explore.jobs.netflix.net/careers/job/790301800170,False
790303802555,Machine Learning Engineer (L5) - Ads,"California - Remote,United States of America","['California - Remote,United States of America']",0,Data & Insights,Streaming,1750636800,1750636800,JR34199,JR34199,ATS,JR34199-en-US,,en-US,0,,,remote_local,https://explore.jobs.netflix.net/careers/job/790303802555,False
790302382742,"Software Engineer (L5), Systems Optimization","Los Gatos,California,United States of America","['Los Gatos,California,United States of America']",0,Engineering,Streaming,1746662400,1746662400,JR33031,JR33031,ATS,JR33031-en-US,,en-US,0,,,onsite,https://explore.jobs.netflix.net/careers/job/790302382742,False
790303042151,"Program Manager, Talent Analytics","Los Gatos,California,United States of America","['Los Gatos,California,United States of America', 'Los Angeles,California,United States of America']",0,Data & Insights,Streaming,1746403200,1746403200,JR33356,JR33356,ATS,JR33356-en-US,,en-US,0,,,onsite,https://explore.jobs.netflix.net/careers/job/790303042151,False
790303195948,"Director, HR Business Partner - Ads and Games Engineering","Los Gatos,California,United States of America","['Los Gatos,California,United States of America']",0,Talent,Streaming,1747094400,1747094400,JR33525,JR33525,ATS,JR33525-en-US,,en-US,0,,,onsite,https://explore.jobs.netflix.net/careers/job/790303195948,False
790303279861,"Manager, Trade Compliance","Los Gatos,California,United States of America","['Los Gatos,California,United States of America', 'Los Angeles,California,United States of America']",0,Legal,Streaming,1747612800,1747612800,JR33620,JR33620,ATS,JR33620-en-US,,en-US,0,,,onsite,https://explore.jobs.netflix.net/careers/job/790303279861,False
790303507344,"Product Manager, Machine Learning Platform, Data Tools","Los Gatos,California,United States of America","['Los Gatos,California,United States of America']",0,Product Management,Streaming,1749081600,1749081600,JR33894,JR33894,ATS,JR33894-en-US,,en-US,0,,,onsite,https://explore.jobs.netflix.net/careers/job/790303507344,False
790298014642,"Director, Product Management (Demand Connectivity) - Ads","Los Gatos,California,United States of America","['Los Gatos,California,United States of America']",0,Product Management,Streaming,1726444800,1721692800,AJRT46718,AJRT46718,ATS,AJRT46718-en-US,,en-US,0,,,hybrid,https://explore.jobs.netflix.net/careers/job/790298014642,False
790311978006,Marketing Manager - France,"Paris,France","['Paris,France']",0,Marketing,Streaming,1757894400,1757894400,JR36033,JR36033,ATS,JR36033-en-US,,en-US,0,,,onsite,https://explore.jobs.netflix.net/careers/job/790311978006,False
790304341143,"Associate - Production Finance, France","Paris,France","['Paris,France']",0,Core Finance & Controllership,Streaming,1753056000,1753056000,JR34646,JR34646,ATS,JR34646-en-US,,en-US,0,,,onsite,https://explore.jobs.netflix.net/careers/job/790304341143,False
790304363758,Senior Manager Photo & AV Studio  - France,"Paris,France","['Paris,France']",0,Marketing,Streaming,1753142400,1753142400,JR34666,JR34666,ATS,JR34666-en-US,,en-US,0,,,onsite,https://explore.jobs.netflix.net/careers/job/790304363758,False
790311843006,"Counsel, Business & Legal Affairs - France","Paris,France","['Paris,France']",0,Legal,Streaming,1758872100,1757289600,JR35668,JR35668,ATS,JR35668-en-US,,en-US,0,,,onsite,https://explore.jobs.netflix.net/careers/job/790311843006,False
790303495747,"Senior Game Producer, Strategic Initiatives","Los Angeles,California,United States of America","['Los Angeles,California,United States of America']",0,Netflix Games Studio,Streaming,1752364800,1748995200,JR33870,JR33870,ATS,JR33870-en-US,,en-US,0,,,remote_global,https://explore.jobs.netflix.net/careers/job/790303495747,False
790304269505,Senior iOS Software Engineer (L5) DVX Mobile Core,USA - Remote,['USA - Remote'],1,Engineering,Streaming,1753401600,1753401600,JR34586,JR34586,ATS,JR34586-en-US,,en-US,0,,,remote_local,https://explore.jobs.netflix.net/careers/job/790304269505,False
790302382742,"Software Engineer (L5), Systems Optimization","Los Gatos,California,United States of America","['Los Gatos,California,United States of America']",0,Engineering,Streaming,1746662400,1746662400,JR33031,JR33031,ATS,JR33031-en-US,,en-US,0,,,onsite,https://explore.jobs.netflix.net/careers/job/790302382742,False
790303042151,"Program Manager, Talent Analytics","Los Gatos,California,United States of America","['Los Gatos,California,United States of America', 'Los Angeles,California,United States of America']",0,Data & Insights,Streaming,1746403200,1746403200,JR33356,JR33356,ATS,JR33356-en-US,,en-US,0,,,onsite,https://explore.jobs.netflix.net/careers/job/790303042151,False
790303195948,"Director, HR Business Partner - Ads and Games Engineering","Los Gatos,California,United States of America","['Los Gatos,California,United States of America']",0,Talent,Streaming,1747094400,1747094400,JR33525,JR33525,ATS,JR33525-en-US,,en-US,0,,,onsite,https://explore.jobs.netflix.net/careers/job/790303195948,False
790303279861,"Manager, Trade Compliance","Los Gatos,California,United States of America","['Los Gatos,California,United States of America', 'Los Angeles,California,United States of America']",0,Legal,Streaming,1747612800,1747612800,JR33620,JR33620,ATS,JR33620-en-US,,en-US,0,,,onsite,https://explore.jobs.netflix.net/careers/job/790303279861,False
790303507344,"Product Manager, Machine Learning Platform, Data Tools","Los Gatos,California,United States of America","['Los Gatos,California,United States of America']",0,Product Management,Streaming,1749081600,1749081600,JR33894,JR33894,ATS,JR33894-en-US,,en-US,0,,,onsite,https://explore.jobs.netflix.net/careers/job/790303507344,False
790298014642,"Director, Product Management (Demand Connectivity) - Ads","Los Gatos,California,United States of America","['Los Gatos,California,United States of America']",0,Product Management,Streaming,1726444800,1721692800,AJRT46718,AJRT46718,ATS,AJRT46718-en-US,,en-US,0,,,hybrid,https://explore.jobs.netflix.net/careers/job/790298014642,False
790311798908,"Product Manager, Media Planning (Ads)","New York,New York,United States of America","['Los Gatos,California,United States of America', 'New York,New York,United States of America', 'Seattle,Washington,United States of America', 'Los Angeles,California,United States of America']",0,Product Management,Streaming,1756944000,1756944000,JR35614,JR35614,ATS,JR35614-en-US,,en-US,0,,,onsite,https://explore.jobs.netflix.net/careers/job/790311798908,False
790311848558,Senior Software Engineer - Developer Automation Platform,"Los Gatos,California,United States of America","['Los Gatos,California,United States of America']",0,Engineering,Streaming,1757289600,1757289600,JR35680,JR35680,ATS,JR35680-en-US,,en-US,0,,,onsite,https://explore.jobs.netflix.net/careers/job/790311848558,False
790311856514,"Research Scientist (L4) - Machine Learning and Inference Research, LLM Post-Training","Los Gatos,California,United States of America","['Los Gatos,California,United States of America', 'New York,New York,United States of America']",0,Data & Insights,Streaming,1757289600,1757289600,JR35689,JR35689,ATS,JR35689-en-US,,en-US,0,,,onsite,https://explore.jobs.netflix.net/careers/job/790311856514,False
790304269505,Senior iOS Software Engineer (L5) DVX Mobile Core,USA - Remote,['USA - Remote'],1,Engineering,Streaming,1753401600,1753401600,JR34586,JR34586,ATS,JR34586-en-US,,en-US,0,,,remote_local,https://explore.jobs.netflix.net/careers/job/790304269505,False
790302977151,"Manager, Partner Solutions","Los Angeles,California,United States of America","['Los Angeles,California,United States of America']",0,Content Production Operations,Streaming,1746057600,1746057600,JR33303,JR33303,ATS,JR33303-en-US,,en-US,0,,,onsite,https://explore.jobs.netflix.net/careers/job/790302977151,False
790303000810,Ads Policy Strategist,"New York,New York,United States of America","['Los Angeles,California,United States of America', 'New York,New York,United States of America']",0,Legal,Streaming,1746144000,1746144000,JR33320,JR33320,ATS,JR33320-en-US,,en-US,0,,,onsite,https://explore.jobs.netflix.net/careers/job/790303000810,False
790303042151,"Program Manager, Talent Analytics","Los Gatos,California,United States of America","['Los Angeles,California,United States of America', 'Los Gatos,California,United States of America']",0,Data & Insights,Streaming,1746403200,1746403200,JR33356,JR33356,ATS,JR33356-en-US,,en-US,0,,,onsite,https://explore.jobs.netflix.net/careers/job/790303042151,False
790303277601,"Manager, Business Development - VFXS (Visual Effects Services)","Los Angeles,California,United States of America","['Los Angeles,California,United States of America']",0,Content Production Operations,Streaming,1747612800,1747612800,JR33618,JR33618,ATS,JR33618-en-US,,en-US,0,,,onsite,https://explore.jobs.netflix.net/careers/job/790303277601,False
790303279861,"Manager, Trade Compliance","Los Gatos,California,United States of America","['Los Angeles,California,United States of America', 'Los Gatos,California,United States of America']",0,Legal,Streaming,1747612800,1747612800,JR33620,JR33620,ATS,JR33620-en-US,,en-US,0,,,onsite,https://explore.jobs.netflix.net/careers/job/790303279861,False
790303372936,"Manager, International Tax","Los Angeles,California,United States of America","['Los Angeles,California,United States of America']",0,Core Finance & Controllership,Streaming,1748390400,1748390400,JR33759,JR33759,ATS,JR33759-en-US,,en-US,0,,,onsite,https://explore.jobs.netflix.net/careers/job/790303372936,False
790301625597,"Manager, Broadcast Engineering","Los Angeles,California,United States of America","['Los Angeles,California,United States of America']",0,Engineering,Streaming,1741305600,1741305600,JR32229,JR32229,ATS,JR32229-en-US,,en-US,0,,,onsite,https://explore.jobs.netflix.net/careers/job/790301625597,False
790302246360,"Manager, Design, Brand Creative Studio","Los Angeles,California,United States of America","['Los Angeles,California,United States of America']",0,Marketing,Streaming,1744329600,1744329600,JR32950,JR32950,ATS,JR32950-en-US,,en-US,0,,,onsite,https://explore.jobs.netflix.net/careers/job/790302246360,False
790298139007,"Associate, FP&A","Los Angeles,California,United States of America","['Los Angeles,California,United States of America']",0,Financial Planning and Analysis,Streaming,1721865600,1721865600,JR28784,JR28784,ATS,JR28784-en-US,,en-US,0,,,onsite,https://explore.jobs.netflix.net/careers/job/790298139007,False
790304269505,Senior iOS Software Engineer (L5) DVX Mobile Core,USA - Remote,['USA - Remote'],1,Engineering,Streaming,1753401600,1753401600,JR34586,JR34586,ATS,JR34586-en-US,,en-US,0,,,remote_local,https://explore.jobs.netflix.net/careers/job/790304269505,False
790312254490,"Technical Project Manager, Innovation - Launch Operations","Los Angeles,California,United States of America","['Los Angeles,California,United States of America']",0,Program Management,Streaming,1758872100,1758758400,JR36237,JR36237,ATS,JR36237-en-US,,en-US,0,,,onsite,https://explore.jobs.netflix.net/careers/job/790312254490,False
790312256648,Software Engineer L5 - GenAI Platform,USA - Remote,['USA - Remote'],0,Engineering,Streaming,1758872923,1758758400,JR36247,JR36247,ATS,JR36247-en-US,,en-US,0,,,onsite,https://explore.jobs.netflix.net/careers/job/790312256648,False
790312242701,"Manager, Marketing Planning - UCAN","Los Angeles,California,United States of America","['Los Angeles,California,United States of America']",0,Marketing,Streaming,1758672000,1758672000,JR36207,JR36207,ATS,JR36207-en-US,,en-US,0,,,onsite,https://explore.jobs.netflix.net/careers/job/790312242701,False
790312242868,"Product Manager, Machine Learning Architecture (Ads Platform)","Los Gatos,California,United States of America","['Los Gatos,California,United States of America', 'Seattle,Washington,United States of America', 'New York,New York,United States of America', 'Los Angeles,California,United States of America']",0,Product Management,Streaming,1758672000,1758672000,JR36208,JR36208,ATS,JR36208-en-US,,en-US,0,,,onsite,https://explore.jobs.netflix.net/careers/job/790312242868,False
790312245379,Games Reliability Manager,USA - Remote,['USA - Remote'],0,Netflix Games Studio,Streaming,1758672000,1758672000,JR36160,JR36160,ATS,JR36160-en-US,,en-US,0,,,onsite,https://explore.jobs.netflix.net/careers/job/790312245379,False
790312244683,Manager of Games Portfolio - DSE,USA - Remote,['USA - Remote'],0,Data & Insights,Streaming,1758672000,1758672000,JR36212,JR36212,ATS,JR36212-en-US,,en-US,0,,,onsite,https://explore.jobs.netflix.net/careers/job/790312244683,False
790312179805,"Sr. QA Lead, Compatibility, Games","Los Gatos,California,United States of America","['Los Gatos,California,United States of America']",0,Netflix Games Studio,Streaming,1758585600,1758585600,JR36157,JR36157,ATS,JR36157-en-US,,en-US,0,,,onsite,https://explore.jobs.netflix.net/careers/job/790312179805,False
790312181742,"Technical Support Specialist, Customer Service Tools","Los Gatos,California,United States of America","['Los Gatos,California,United States of America']",0,Customer Service,Streaming,1758585600,1758585600,JR36175,JR36175,ATS,JR36175-en-US,,en-US,0,,,onsite,https://explore.jobs.netflix.net/careers/job/790312181742,False
790312184279,"Manager, Audio (Sound & Music) - Global Production Technology","Los Angeles,California,United States of America","['Los Angeles,California,United States of America']",0,Content Production Operations,Streaming,1758585600,1758585600,JR36176,JR36176,ATS,JR36176-en-US,,en-US,0,,,onsite,https://explore.jobs.netflix.net/careers/job/790312184279,False
790304269505,Senior iOS Software Engineer (L5) DVX Mobile Core,USA - Remote,['USA - Remote'],1,Engineering,Streaming,1753401600,1753401600,JR34586,JR34586,ATS,JR34586-en-US,,en-US,0,,,remote_local,https://explore.jobs.netflix.net/careers/job/790304269505,False
790312128952,Distributed Systems Engineer (L5) - Service Networking,USA - Remote,['USA - Remote'],0,Engineering,Streaming,1758499200,1758499200,JR36154,JR36154,ATS,JR36154-en-US,,en-US,0,,,remote_local,https://explore.jobs.netflix.net/careers/job/790312128952,False
790311905368,"Engineering Manager, Attack Emulation Team",USA - Remote,['USA - Remote'],0,Engineering,Streaming,1757462400,1757462400,JR35973,JR35973,ATS,JR35973-en-US,,en-US,0,,,remote_local,https://explore.jobs.netflix.net/careers/job/790311905368,False
790311780811,Engineering Manager,USA - Remote,['USA - Remote'],0,Engineering,Streaming,1756771200,1756771200,JR35572,JR35572,ATS,JR35572-en-US,,en-US,0,,,remote_local,https://explore.jobs.netflix.net/careers/job/790311780811,False
790311768378,Software Engineer (L5) - Open Connect Platform,USA - Remote,['USA - Remote'],0,Engineering,Streaming,1756684800,1756684800,JR35553,JR35553,ATS,JR35553-en-US,,en-US,0,,,remote_local,https://explore.jobs.netflix.net/careers/job/790311768378,False
790304839021,Software Engineer L4 - Experimentation Platform,USA - Remote,['USA - Remote'],0,Engineering,Streaming,1755820800,1755820800,JR35352,JR35352,ATS,JR35352-en-US,,en-US,0,,,remote_local,https://explore.jobs.netflix.net/careers/job/790304839021,False
790304772545,Full Stack Software Engineer (L5) - Delivery Engineering,USA - Remote,['USA - Remote'],0,Engineering,Streaming,1755475200,1755475200,JR35099,JR35099,ATS,JR35099-en-US,,en-US,0,,,remote_local,https://explore.jobs.netflix.net/careers/job/790304772545,False
790304774432,Senior Software Engineer (L5) - LLM Data Foundations,USA - Remote,['USA - Remote'],0,Engineering,Streaming,1755216000,1755216000,JR35136,JR35136,ATS,JR35136-en-US,,en-US,0,,,remote_local,https://explore.jobs.netflix.net/careers/job/790304774432,False
790304744845,"Full Stack Engineer (L4), Computer Graphics Platform & Pipelines",USA - Remote,['USA - Remote'],0,Engineering,Streaming,1755043200,1755043200,JR35046,JR35046,ATS,JR35046-en-US,,en-US,0,,,remote_local,https://explore.jobs.netflix.net/careers/job/790304744845,False
790304686860,Analytics Engineer (L5) - Localization,USA - Remote,['USA - Remote'],0,Data & Insights,Streaming,1754870400,1754870400,JR35002,JR35002,ATS,JR35002-en-US,,en-US,0,,,remote_local,https://explore.jobs.netflix.net/careers/job/790304686860,False
